cod,nombre,tipo_de_dato,year,month,fecha_falsa,total,variacion
04110,Alquiler de vivienda,Variación anual,2022,8,2022-08-01,1.5,▲
04110,Alquiler de vivienda,Variación anual,2022,7,2022-07-01,1.4,▲
04110,Alquiler de vivienda,Variación anual,2022,6,2022-06-01,1.3,▲
04110,Alquiler de vivienda,Variación anual,2022,5,2022-05-01,1.2,▲
04110,Alquiler de vivienda,Variación anual,2022,4,2022-04-01,1,▲
04110,Alquiler de vivienda,Variación anual,2022,3,2022-03-01,0.9,▲
04110,Alquiler de vivienda,Variación anual,2022,2,2022-02-01,0.7,▲
04110,Alquiler de vivienda,Variación anual,2022,1,2022-01-01,0.6,▲
04110,Alquiler de vivienda,Variación anual,2021,12,2021-12-01,0.5,▲
04110,Alquiler de vivienda,Variación anual,2021,11,2021-11-01,0.5,▲
04110,Alquiler de vivienda,Variación anual,2021,10,2021-10-01,0.5,▲
04110,Alquiler de vivienda,Variación anual,2021,9,2021-09-01,0.5,▲
04110,Alquiler de vivienda,Variación anual,2021,8,2021-08-01,0.5,▲
04110,Alquiler de vivienda,Variación anual,2021,7,2021-07-01,0.5,▲
04110,Alquiler de vivienda,Variación anual,2021,6,2021-06-01,0.6,▲
04110,Alquiler de vivienda,Variación anual,2021,5,2021-05-01,0.7,▲
04110,Alquiler de vivienda,Variación anual,2021,4,2021-04-01,0.7,▲
04110,Alquiler de vivienda,Variación anual,2021,3,2021-03-01,0.7,▲
04110,Alquiler de vivienda,Variación anual,2021,2,2021-02-01,0.7,▲
04110,Alquiler de vivienda,Variación anual,2021,1,2021-01-01,0.8,▲
04110,Alquiler de vivienda,Variación anual,2020,12,2020-12-01,0.8,▲
04110,Alquiler de vivienda,Variación anual,2020,11,2020-11-01,0.9,▲
04110,Alquiler de vivienda,Variación anual,2020,10,2020-10-01,1,▲
04110,Alquiler de vivienda,Variación anual,2020,9,2020-09-01,1,▲
04110,Alquiler de vivienda,Variación anual,2020,8,2020-08-01,1.1,▲
04110,Alquiler de vivienda,Variación anual,2020,7,2020-07-01,1.1,▲
04110,Alquiler de vivienda,Variación anual,2020,6,2020-06-01,1.1,▲
04110,Alquiler de vivienda,Variación anual,2020,5,2020-05-01,1.2,▲
04110,Alquiler de vivienda,Variación anual,2020,4,2020-04-01,1.2,▲
04110,Alquiler de vivienda,Variación anual,2020,3,2020-03-01,1.3,▲
04110,Alquiler de vivienda,Variación anual,2020,2,2020-02-01,1.4,▲
04110,Alquiler de vivienda,Variación anual,2020,1,2020-01-01,1.4,▲
04110,Alquiler de vivienda,Variación anual,2019,12,2019-12-01,1.4,▲
04110,Alquiler de vivienda,Variación anual,2019,11,2019-11-01,1.4,▲
04110,Alquiler de vivienda,Variación anual,2019,10,2019-10-01,1.5,▲
04110,Alquiler de vivienda,Variación anual,2019,9,2019-09-01,1.6,▲
04110,Alquiler de vivienda,Variación anual,2019,8,2019-08-01,1.6,▲
04110,Alquiler de vivienda,Variación anual,2019,7,2019-07-01,1.6,▲
04110,Alquiler de vivienda,Variación anual,2019,6,2019-06-01,1.7,▲
04110,Alquiler de vivienda,Variación anual,2019,5,2019-05-01,1.6,▲
04110,Alquiler de vivienda,Variación anual,2019,4,2019-04-01,1.6,▲
04110,Alquiler de vivienda,Variación anual,2019,3,2019-03-01,1.6,▲
04110,Alquiler de vivienda,Variación anual,2019,2,2019-02-01,1.7,▲
04110,Alquiler de vivienda,Variación anual,2019,1,2019-01-01,1.6,▲
04110,Alquiler de vivienda,Variación anual,2018,12,2018-12-01,1.6,▲
04110,Alquiler de vivienda,Variación anual,2018,11,2018-11-01,1.5,▲
04110,Alquiler de vivienda,Variación anual,2018,10,2018-10-01,1.5,▲
04110,Alquiler de vivienda,Variación anual,2018,9,2018-09-01,1.4,▲
04110,Alquiler de vivienda,Variación anual,2018,8,2018-08-01,1.4,▲
04110,Alquiler de vivienda,Variación anual,2018,7,2018-07-01,1.3,▲
04110,Alquiler de vivienda,Variación anual,2018,6,2018-06-01,1.3,▲
04110,Alquiler de vivienda,Variación anual,2018,5,2018-05-01,1.3,▲
04110,Alquiler de vivienda,Variación anual,2018,4,2018-04-01,1.2,▲
04110,Alquiler de vivienda,Variación anual,2018,3,2018-03-01,1.1,▲
04110,Alquiler de vivienda,Variación anual,2018,2,2018-02-01,1.1,▲
04110,Alquiler de vivienda,Variación anual,2018,1,2018-01-01,1,▲
04110,Alquiler de vivienda,Variación anual,2017,12,2017-12-01,0.9,▲
04110,Alquiler de vivienda,Variación anual,2017,11,2017-11-01,0.8,▲
04110,Alquiler de vivienda,Variación anual,2017,10,2017-10-01,0.7,▲
04110,Alquiler de vivienda,Variación anual,2017,9,2017-09-01,0.6,▲
04110,Alquiler de vivienda,Variación mensual,2022,8,2022-08-01,0.1,▲
04110,Alquiler de vivienda,Variación mensual,2022,7,2022-07-01,0.2,▲
04110,Alquiler de vivienda,Variación mensual,2022,6,2022-06-01,0.2,▲
04110,Alquiler de vivienda,Variación mensual,2022,5,2022-05-01,0.2,▲
04110,Alquiler de vivienda,Variación mensual,2022,4,2022-04-01,0.2,▲
04110,Alquiler de vivienda,Variación mensual,2022,3,2022-03-01,0.2,▲
04110,Alquiler de vivienda,Variación mensual,2022,2,2022-02-01,0.1,▲
04110,Alquiler de vivienda,Variación mensual,2022,1,2022-01-01,0.1,▲
04110,Alquiler de vivienda,Variación mensual,2021,12,2021-12-01,0.1,▲
04110,Alquiler de vivienda,Variación mensual,2021,11,2021-11-01,0.1,▲
04110,Alquiler de vivienda,Variación mensual,2021,10,2021-10-01,0,=
04110,Alquiler de vivienda,Variación mensual,2021,9,2021-09-01,0.1,▲
04110,Alquiler de vivienda,Variación mensual,2021,8,2021-08-01,0,=
04110,Alquiler de vivienda,Variación mensual,2021,7,2021-07-01,0.1,▲
04110,Alquiler de vivienda,Variación mensual,2021,6,2021-06-01,0.1,▲
04110,Alquiler de vivienda,Variación mensual,2021,5,2021-05-01,0,=
04110,Alquiler de vivienda,Variación mensual,2021,4,2021-04-01,0,=
04110,Alquiler de vivienda,Variación mensual,2021,3,2021-03-01,0,=
04110,Alquiler de vivienda,Variación mensual,2021,2,2021-02-01,0,=
04110,Alquiler de vivienda,Variación mensual,2021,1,2021-01-01,0,=
04110,Alquiler de vivienda,Variación mensual,2020,12,2020-12-01,0,=
04110,Alquiler de vivienda,Variación mensual,2020,11,2020-11-01,0.1,▲
04110,Alquiler de vivienda,Variación mensual,2020,10,2020-10-01,0,=
04110,Alquiler de vivienda,Variación mensual,2020,9,2020-09-01,0.1,▲
04110,Alquiler de vivienda,Variación mensual,2020,8,2020-08-01,0.1,▲
04110,Alquiler de vivienda,Variación mensual,2020,7,2020-07-01,0.1,▲
04110,Alquiler de vivienda,Variación mensual,2020,6,2020-06-01,0.1,▲
04110,Alquiler de vivienda,Variación mensual,2020,5,2020-05-01,0,=
04110,Alquiler de vivienda,Variación mensual,2020,4,2020-04-01,0,=
04110,Alquiler de vivienda,Variación mensual,2020,3,2020-03-01,0.1,▲
04110,Alquiler de vivienda,Variación mensual,2020,2,2020-02-01,0.1,▲
04110,Alquiler de vivienda,Variación mensual,2020,1,2020-01-01,0.1,▲
04110,Alquiler de vivienda,Variación mensual,2019,12,2019-12-01,0.1,▲
04110,Alquiler de vivienda,Variación mensual,2019,11,2019-11-01,0.1,▲
04110,Alquiler de vivienda,Variación mensual,2019,10,2019-10-01,0.1,▲
04110,Alquiler de vivienda,Variación mensual,2019,9,2019-09-01,0.1,▲
04110,Alquiler de vivienda,Variación mensual,2019,8,2019-08-01,0.1,▲
04110,Alquiler de vivienda,Variación mensual,2019,7,2019-07-01,0.1,▲
04110,Alquiler de vivienda,Variación mensual,2019,6,2019-06-01,0.1,▲
04110,Alquiler de vivienda,Variación mensual,2019,5,2019-05-01,0.1,▲
04110,Alquiler de vivienda,Variación mensual,2019,4,2019-04-01,0.1,▲
04110,Alquiler de vivienda,Variación mensual,2019,3,2019-03-01,0.1,▲
04110,Alquiler de vivienda,Variación mensual,2019,2,2019-02-01,0.1,▲
04110,Alquiler de vivienda,Variación mensual,2019,1,2019-01-01,0.2,▲
04110,Alquiler de vivienda,Variación mensual,2018,12,2018-12-01,0.1,▲
04110,Alquiler de vivienda,Variación mensual,2018,11,2018-11-01,0.2,▲
04110,Alquiler de vivienda,Variación mensual,2018,10,2018-10-01,0.2,▲
04110,Alquiler de vivienda,Variación mensual,2018,9,2018-09-01,0.1,▲
04110,Alquiler de vivienda,Variación mensual,2018,8,2018-08-01,0.1,▲
04110,Alquiler de vivienda,Variación mensual,2018,7,2018-07-01,0.1,▲
04110,Alquiler de vivienda,Variación mensual,2018,6,2018-06-01,0.1,▲
04110,Alquiler de vivienda,Variación mensual,2018,5,2018-05-01,0.1,▲
04110,Alquiler de vivienda,Variación mensual,2018,4,2018-04-01,0.1,▲
04110,Alquiler de vivienda,Variación mensual,2018,3,2018-03-01,0.1,▲
04110,Alquiler de vivienda,Variación mensual,2018,2,2018-02-01,0.1,▲
04110,Alquiler de vivienda,Variación mensual,2018,1,2018-01-01,0.1,▲
04110,Alquiler de vivienda,Variación mensual,2017,12,2017-12-01,0.1,▲
04110,Alquiler de vivienda,Variación mensual,2017,11,2017-11-01,0.1,▲
04110,Alquiler de vivienda,Variación mensual,2017,10,2017-10-01,0.1,▲
04110,Alquiler de vivienda,Variación mensual,2017,9,2017-09-01,0.1,▲
04410,Suministro de agua,Variación anual,2022,8,2022-08-01,2.3,▲
04410,Suministro de agua,Variación anual,2022,7,2022-07-01,2.2,▲
04410,Suministro de agua,Variación anual,2022,6,2022-06-01,2.3,▲
04410,Suministro de agua,Variación anual,2022,5,2022-05-01,2.3,▲
04410,Suministro de agua,Variación anual,2022,4,2022-04-01,2.3,▲
04410,Suministro de agua,Variación anual,2022,3,2022-03-01,2.3,▲
04410,Suministro de agua,Variación anual,2022,2,2022-02-01,2.3,▲
04410,Suministro de agua,Variación anual,2022,1,2022-01-01,0.7,▲
04410,Suministro de agua,Variación anual,2021,12,2021-12-01,0,=
04410,Suministro de agua,Variación anual,2021,11,2021-11-01,-0.1,▼
04410,Suministro de agua,Variación anual,2021,10,2021-10-01,-0.1,▼
04410,Suministro de agua,Variación anual,2021,9,2021-09-01,-0.1,▼
04410,Suministro de agua,Variación anual,2021,8,2021-08-01,-0.1,▼
04410,Suministro de agua,Variación anual,2021,7,2021-07-01,0,=
04410,Suministro de agua,Variación anual,2021,6,2021-06-01,0.1,▲
04410,Suministro de agua,Variación anual,2021,5,2021-05-01,0.1,▲
04410,Suministro de agua,Variación anual,2021,4,2021-04-01,0.1,▲
04410,Suministro de agua,Variación anual,2021,3,2021-03-01,0.1,▲
04410,Suministro de agua,Variación anual,2021,2,2021-02-01,0,=
04410,Suministro de agua,Variación anual,2021,1,2021-01-01,0,=
04410,Suministro de agua,Variación anual,2020,12,2020-12-01,0.1,▲
04410,Suministro de agua,Variación anual,2020,11,2020-11-01,0.1,▲
04410,Suministro de agua,Variación anual,2020,10,2020-10-01,0.1,▲
04410,Suministro de agua,Variación anual,2020,9,2020-09-01,0.1,▲
04410,Suministro de agua,Variación anual,2020,8,2020-08-01,0.1,▲
04410,Suministro de agua,Variación anual,2020,7,2020-07-01,0,=
04410,Suministro de agua,Variación anual,2020,6,2020-06-01,-0.1,▼
04410,Suministro de agua,Variación anual,2020,5,2020-05-01,-0.1,▼
04410,Suministro de agua,Variación anual,2020,4,2020-04-01,-0.1,▼
04410,Suministro de agua,Variación anual,2020,3,2020-03-01,-0.1,▼
04410,Suministro de agua,Variación anual,2020,2,2020-02-01,0.1,▲
04410,Suministro de agua,Variación anual,2020,1,2020-01-01,0.1,▲
04410,Suministro de agua,Variación anual,2019,12,2019-12-01,0.2,▲
04410,Suministro de agua,Variación anual,2019,11,2019-11-01,0.2,▲
04410,Suministro de agua,Variación anual,2019,10,2019-10-01,0.2,▲
04410,Suministro de agua,Variación anual,2019,9,2019-09-01,0.2,▲
04410,Suministro de agua,Variación anual,2019,8,2019-08-01,0.3,▲
04410,Suministro de agua,Variación anual,2019,7,2019-07-01,0.3,▲
04410,Suministro de agua,Variación anual,2019,6,2019-06-01,0.3,▲
04410,Suministro de agua,Variación anual,2019,5,2019-05-01,0.3,▲
04410,Suministro de agua,Variación anual,2019,4,2019-04-01,0,=
04410,Suministro de agua,Variación anual,2019,3,2019-03-01,0,=
04410,Suministro de agua,Variación anual,2019,2,2019-02-01,-0.1,▼
04410,Suministro de agua,Variación anual,2019,1,2019-01-01,-0.1,▼
04410,Suministro de agua,Variación anual,2018,12,2018-12-01,0.1,▲
04410,Suministro de agua,Variación anual,2018,11,2018-11-01,0.1,▲
04410,Suministro de agua,Variación anual,2018,10,2018-10-01,0.1,▲
04410,Suministro de agua,Variación anual,2018,9,2018-09-01,0.1,▲
04410,Suministro de agua,Variación anual,2018,8,2018-08-01,0,=
04410,Suministro de agua,Variación anual,2018,7,2018-07-01,0,=
04410,Suministro de agua,Variación anual,2018,6,2018-06-01,0.1,▲
04410,Suministro de agua,Variación anual,2018,5,2018-05-01,0.1,▲
04410,Suministro de agua,Variación anual,2018,4,2018-04-01,0.3,▲
04410,Suministro de agua,Variación anual,2018,3,2018-03-01,0.3,▲
04410,Suministro de agua,Variación anual,2018,2,2018-02-01,0.3,▲
04410,Suministro de agua,Variación anual,2018,1,2018-01-01,0.3,▲
04410,Suministro de agua,Variación anual,2017,12,2017-12-01,0,=
04410,Suministro de agua,Variación anual,2017,11,2017-11-01,0,=
04410,Suministro de agua,Variación anual,2017,10,2017-10-01,0,=
04410,Suministro de agua,Variación anual,2017,9,2017-09-01,0,=
04410,Suministro de agua,Variación mensual,2022,8,2022-08-01,0.1,▲
04410,Suministro de agua,Variación mensual,2022,7,2022-07-01,0,=
04410,Suministro de agua,Variación mensual,2022,6,2022-06-01,0,=
04410,Suministro de agua,Variación mensual,2022,5,2022-05-01,0.1,▲
04410,Suministro de agua,Variación mensual,2022,4,2022-04-01,0,=
04410,Suministro de agua,Variación mensual,2022,3,2022-03-01,0.1,▲
04410,Suministro de agua,Variación mensual,2022,2,2022-02-01,1.6,▲
04410,Suministro de agua,Variación mensual,2022,1,2022-01-01,0.5,▲
04410,Suministro de agua,Variación mensual,2021,12,2021-12-01,0,=
04410,Suministro de agua,Variación mensual,2021,11,2021-11-01,0,=
04410,Suministro de agua,Variación mensual,2021,10,2021-10-01,0,=
04410,Suministro de agua,Variación mensual,2021,9,2021-09-01,0,=
04410,Suministro de agua,Variación mensual,2021,8,2021-08-01,0,=
04410,Suministro de agua,Variación mensual,2021,7,2021-07-01,0,=
04410,Suministro de agua,Variación mensual,2021,6,2021-06-01,0,=
04410,Suministro de agua,Variación mensual,2021,5,2021-05-01,0,=
04410,Suministro de agua,Variación mensual,2021,4,2021-04-01,0,=
04410,Suministro de agua,Variación mensual,2021,3,2021-03-01,0.1,▲
04410,Suministro de agua,Variación mensual,2021,2,2021-02-01,0,=
04410,Suministro de agua,Variación mensual,2021,1,2021-01-01,-0.2,▼
04410,Suministro de agua,Variación mensual,2020,12,2020-12-01,0,=
04410,Suministro de agua,Variación mensual,2020,11,2020-11-01,0,=
04410,Suministro de agua,Variación mensual,2020,10,2020-10-01,0,=
04410,Suministro de agua,Variación mensual,2020,9,2020-09-01,0,=
04410,Suministro de agua,Variación mensual,2020,8,2020-08-01,0.1,▲
04410,Suministro de agua,Variación mensual,2020,7,2020-07-01,0.1,▲
04410,Suministro de agua,Variación mensual,2020,6,2020-06-01,0,=
04410,Suministro de agua,Variación mensual,2020,5,2020-05-01,0,=
04410,Suministro de agua,Variación mensual,2020,4,2020-04-01,0.1,▲
04410,Suministro de agua,Variación mensual,2020,3,2020-03-01,0,=
04410,Suministro de agua,Variación mensual,2020,2,2020-02-01,0,=
04410,Suministro de agua,Variación mensual,2020,1,2020-01-01,-0.1,▼
04410,Suministro de agua,Variación mensual,2019,12,2019-12-01,0,=
04410,Suministro de agua,Variación mensual,2019,11,2019-11-01,0,=
04410,Suministro de agua,Variación mensual,2019,10,2019-10-01,0,=
04410,Suministro de agua,Variación mensual,2019,9,2019-09-01,0,=
04410,Suministro de agua,Variación mensual,2019,8,2019-08-01,0,=
04410,Suministro de agua,Variación mensual,2019,7,2019-07-01,0,=
04410,Suministro de agua,Variación mensual,2019,6,2019-06-01,0,=
04410,Suministro de agua,Variación mensual,2019,5,2019-05-01,0,=
04410,Suministro de agua,Variación mensual,2019,4,2019-04-01,0,=
04410,Suministro de agua,Variación mensual,2019,3,2019-03-01,0.2,▲
04410,Suministro de agua,Variación mensual,2019,2,2019-02-01,0,=
04410,Suministro de agua,Variación mensual,2019,1,2019-01-01,0,=
04410,Suministro de agua,Variación mensual,2018,12,2018-12-01,0.1,▲
04410,Suministro de agua,Variación mensual,2018,11,2018-11-01,-0.1,▼
04410,Suministro de agua,Variación mensual,2018,10,2018-10-01,0,=
04410,Suministro de agua,Variación mensual,2018,9,2018-09-01,0.1,▲
04410,Suministro de agua,Variación mensual,2018,8,2018-08-01,0,=
04410,Suministro de agua,Variación mensual,2018,7,2018-07-01,0,=
04410,Suministro de agua,Variación mensual,2018,6,2018-06-01,0,=
04410,Suministro de agua,Variación mensual,2018,5,2018-05-01,-0.2,▼
04410,Suministro de agua,Variación mensual,2018,4,2018-04-01,0,=
04410,Suministro de agua,Variación mensual,2018,3,2018-03-01,0,=
04410,Suministro de agua,Variación mensual,2018,2,2018-02-01,0.1,▲
04410,Suministro de agua,Variación mensual,2018,1,2018-01-01,0.2,▲
04410,Suministro de agua,Variación mensual,2017,12,2017-12-01,0,=
04410,Suministro de agua,Variación mensual,2017,11,2017-11-01,0,=
04410,Suministro de agua,Variación mensual,2017,10,2017-10-01,0,=
04410,Suministro de agua,Variación mensual,2017,9,2017-09-01,0,=
04441,Gastos comunitarios,Variación anual,2022,8,2022-08-01,1.7,▲
04441,Gastos comunitarios,Variación anual,2022,7,2022-07-01,1.6,▲
04441,Gastos comunitarios,Variación anual,2022,6,2022-06-01,1.9,▲
04441,Gastos comunitarios,Variación anual,2022,5,2022-05-01,1.5,▲
04441,Gastos comunitarios,Variación anual,2022,4,2022-04-01,1.2,▲
04441,Gastos comunitarios,Variación anual,2022,3,2022-03-01,1,▲
04441,Gastos comunitarios,Variación anual,2022,2,2022-02-01,0.7,▲
04441,Gastos comunitarios,Variación anual,2022,1,2022-01-01,0.9,▲
04441,Gastos comunitarios,Variación anual,2021,12,2021-12-01,1,▲
04441,Gastos comunitarios,Variación anual,2021,11,2021-11-01,1,▲
04441,Gastos comunitarios,Variación anual,2021,10,2021-10-01,1,▲
04441,Gastos comunitarios,Variación anual,2021,9,2021-09-01,1.1,▲
04441,Gastos comunitarios,Variación anual,2021,8,2021-08-01,1,▲
04441,Gastos comunitarios,Variación anual,2021,7,2021-07-01,1,▲
04441,Gastos comunitarios,Variación anual,2021,6,2021-06-01,0.6,▲
04441,Gastos comunitarios,Variación anual,2021,5,2021-05-01,0.6,▲
04441,Gastos comunitarios,Variación anual,2021,4,2021-04-01,0.5,▲
04441,Gastos comunitarios,Variación anual,2021,3,2021-03-01,0.7,▲
04441,Gastos comunitarios,Variación anual,2021,2,2021-02-01,1,▲
04441,Gastos comunitarios,Variación anual,2021,1,2021-01-01,0.9,▲
04441,Gastos comunitarios,Variación anual,2020,12,2020-12-01,0.6,▲
04441,Gastos comunitarios,Variación anual,2020,11,2020-11-01,0.5,▲
04441,Gastos comunitarios,Variación anual,2020,10,2020-10-01,0.4,▲
04441,Gastos comunitarios,Variación anual,2020,9,2020-09-01,0.4,▲
04441,Gastos comunitarios,Variación anual,2020,8,2020-08-01,0.4,▲
04441,Gastos comunitarios,Variación anual,2020,7,2020-07-01,0.4,▲
04441,Gastos comunitarios,Variación anual,2020,6,2020-06-01,0.7,▲
04441,Gastos comunitarios,Variación anual,2020,5,2020-05-01,0.8,▲
04441,Gastos comunitarios,Variación anual,2020,4,2020-04-01,0.8,▲
04441,Gastos comunitarios,Variación anual,2020,3,2020-03-01,0.7,▲
04441,Gastos comunitarios,Variación anual,2020,2,2020-02-01,0.4,▲
04441,Gastos comunitarios,Variación anual,2020,1,2020-01-01,0.4,▲
04441,Gastos comunitarios,Variación anual,2019,12,2019-12-01,0.5,▲
04441,Gastos comunitarios,Variación anual,2019,11,2019-11-01,0.6,▲
04441,Gastos comunitarios,Variación anual,2019,10,2019-10-01,0.6,▲
04441,Gastos comunitarios,Variación anual,2019,9,2019-09-01,0.9,▲
04441,Gastos comunitarios,Variación anual,2019,8,2019-08-01,0.9,▲
04441,Gastos comunitarios,Variación anual,2019,7,2019-07-01,0.8,▲
04441,Gastos comunitarios,Variación anual,2019,6,2019-06-01,0.7,▲
04441,Gastos comunitarios,Variación anual,2019,5,2019-05-01,0.7,▲
04441,Gastos comunitarios,Variación anual,2019,4,2019-04-01,0.9,▲
04441,Gastos comunitarios,Variación anual,2019,3,2019-03-01,0.9,▲
04441,Gastos comunitarios,Variación anual,2019,2,2019-02-01,0.9,▲
04441,Gastos comunitarios,Variación anual,2019,1,2019-01-01,0.9,▲
04441,Gastos comunitarios,Variación anual,2018,12,2018-12-01,1,▲
04441,Gastos comunitarios,Variación anual,2018,11,2018-11-01,1.1,▲
04441,Gastos comunitarios,Variación anual,2018,10,2018-10-01,1.2,▲
04441,Gastos comunitarios,Variación anual,2018,9,2018-09-01,0.9,▲
04441,Gastos comunitarios,Variación anual,2018,8,2018-08-01,0.9,▲
04441,Gastos comunitarios,Variación anual,2018,7,2018-07-01,0.9,▲
04441,Gastos comunitarios,Variación anual,2018,6,2018-06-01,0.7,▲
04441,Gastos comunitarios,Variación anual,2018,5,2018-05-01,0.7,▲
04441,Gastos comunitarios,Variación anual,2018,4,2018-04-01,0.6,▲
04441,Gastos comunitarios,Variación anual,2018,3,2018-03-01,1.1,▲
04441,Gastos comunitarios,Variación anual,2018,2,2018-02-01,0.9,▲
04441,Gastos comunitarios,Variación anual,2018,1,2018-01-01,0.8,▲
04441,Gastos comunitarios,Variación anual,2017,12,2017-12-01,0.7,▲
04441,Gastos comunitarios,Variación anual,2017,11,2017-11-01,0.6,▲
04441,Gastos comunitarios,Variación anual,2017,10,2017-10-01,0.4,▲
04441,Gastos comunitarios,Variación anual,2017,9,2017-09-01,0.5,▲
04441,Gastos comunitarios,Variación mensual,2022,8,2022-08-01,0.1,▲
04441,Gastos comunitarios,Variación mensual,2022,7,2022-07-01,0.1,▲
04441,Gastos comunitarios,Variación mensual,2022,6,2022-06-01,0.4,▲
04441,Gastos comunitarios,Variación mensual,2022,5,2022-05-01,0.3,▲
04441,Gastos comunitarios,Variación mensual,2022,4,2022-04-01,0.3,▲
04441,Gastos comunitarios,Variación mensual,2022,3,2022-03-01,0.3,▲
04441,Gastos comunitarios,Variación mensual,2022,2,2022-02-01,0.1,▲
04441,Gastos comunitarios,Variación mensual,2022,1,2022-01-01,0,=
04441,Gastos comunitarios,Variación mensual,2021,12,2021-12-01,0,=
04441,Gastos comunitarios,Variación mensual,2021,11,2021-11-01,0.1,▲
04441,Gastos comunitarios,Variación mensual,2021,10,2021-10-01,-0.1,▼
04441,Gastos comunitarios,Variación mensual,2021,9,2021-09-01,0.1,▲
04441,Gastos comunitarios,Variación mensual,2021,8,2021-08-01,0,=
04441,Gastos comunitarios,Variación mensual,2021,7,2021-07-01,0.5,▲
04441,Gastos comunitarios,Variación mensual,2021,6,2021-06-01,-0.1,▼
04441,Gastos comunitarios,Variación mensual,2021,5,2021-05-01,0.1,▲
04441,Gastos comunitarios,Variación mensual,2021,4,2021-04-01,0.1,▲
04441,Gastos comunitarios,Variación mensual,2021,3,2021-03-01,0,=
04441,Gastos comunitarios,Variación mensual,2021,2,2021-02-01,0.2,▲
04441,Gastos comunitarios,Variación mensual,2021,1,2021-01-01,0.1,▲
04441,Gastos comunitarios,Variación mensual,2020,12,2020-12-01,0,=
04441,Gastos comunitarios,Variación mensual,2020,11,2020-11-01,0,=
04441,Gastos comunitarios,Variación mensual,2020,10,2020-10-01,0.1,▲
04441,Gastos comunitarios,Variación mensual,2020,9,2020-09-01,0,=
04441,Gastos comunitarios,Variación mensual,2020,8,2020-08-01,0,=
04441,Gastos comunitarios,Variación mensual,2020,7,2020-07-01,0,=
04441,Gastos comunitarios,Variación mensual,2020,6,2020-06-01,-0.1,▼
04441,Gastos comunitarios,Variación mensual,2020,5,2020-05-01,0,=
04441,Gastos comunitarios,Variación mensual,2020,4,2020-04-01,0.2,▲
04441,Gastos comunitarios,Variación mensual,2020,3,2020-03-01,0.3,▲
04441,Gastos comunitarios,Variación mensual,2020,2,2020-02-01,0.1,▲
04441,Gastos comunitarios,Variación mensual,2020,1,2020-01-01,-0.1,▼
04441,Gastos comunitarios,Variación mensual,2019,12,2019-12-01,-0.1,▼
04441,Gastos comunitarios,Variación mensual,2019,11,2019-11-01,0,=
04441,Gastos comunitarios,Variación mensual,2019,10,2019-10-01,0,=
04441,Gastos comunitarios,Variación mensual,2019,9,2019-09-01,0,=
04441,Gastos comunitarios,Variación mensual,2019,8,2019-08-01,0,=
04441,Gastos comunitarios,Variación mensual,2019,7,2019-07-01,0.4,▲
04441,Gastos comunitarios,Variación mensual,2019,6,2019-06-01,0.1,▲
04441,Gastos comunitarios,Variación mensual,2019,5,2019-05-01,0,=
04441,Gastos comunitarios,Variación mensual,2019,4,2019-04-01,0.1,▲
04441,Gastos comunitarios,Variación mensual,2019,3,2019-03-01,0,=
04441,Gastos comunitarios,Variación mensual,2019,2,2019-02-01,0.1,▲
04441,Gastos comunitarios,Variación mensual,2019,1,2019-01-01,0,=
04441,Gastos comunitarios,Variación mensual,2018,12,2018-12-01,0,=
04441,Gastos comunitarios,Variación mensual,2018,11,2018-11-01,0,=
04441,Gastos comunitarios,Variación mensual,2018,10,2018-10-01,0.2,▲
04441,Gastos comunitarios,Variación mensual,2018,9,2018-09-01,0,=
04441,Gastos comunitarios,Variación mensual,2018,8,2018-08-01,-0.1,▼
04441,Gastos comunitarios,Variación mensual,2018,7,2018-07-01,0.2,▲
04441,Gastos comunitarios,Variación mensual,2018,6,2018-06-01,0.1,▲
04441,Gastos comunitarios,Variación mensual,2018,5,2018-05-01,0.3,▲
04441,Gastos comunitarios,Variación mensual,2018,4,2018-04-01,0,=
04441,Gastos comunitarios,Variación mensual,2018,3,2018-03-01,0,=
04441,Gastos comunitarios,Variación mensual,2018,2,2018-02-01,0.1,▲
04441,Gastos comunitarios,Variación mensual,2018,1,2018-01-01,0.1,▲
04441,Gastos comunitarios,Variación mensual,2017,12,2017-12-01,0.1,▲
04441,Gastos comunitarios,Variación mensual,2017,11,2017-11-01,0.1,▲
04441,Gastos comunitarios,Variación mensual,2017,10,2017-10-01,-0.1,▼
04441,Gastos comunitarios,Variación mensual,2017,9,2017-09-01,0,=
04510,Electricidad,Variación anual,2022,8,2022-08-01,60.6,▲
04510,Electricidad,Variación anual,2022,7,2022-07-01,49.4,▲
04510,Electricidad,Variación anual,2022,6,2022-06-01,33.4,▲
04510,Electricidad,Variación anual,2022,5,2022-05-01,30.2,▲
04510,Electricidad,Variación anual,2022,4,2022-04-01,34.9,▲
04510,Electricidad,Variación anual,2022,3,2022-03-01,107.8,▲
04510,Electricidad,Variación anual,2022,2,2022-02-01,80.5,▲
04510,Electricidad,Variación anual,2022,1,2022-01-01,46.4,▲
04510,Electricidad,Variación anual,2021,12,2021-12-01,72,▲
04510,Electricidad,Variación anual,2021,11,2021-11-01,46.7,▲
04510,Electricidad,Variación anual,2021,10,2021-10-01,62.8,▲
04510,Electricidad,Variación anual,2021,9,2021-09-01,44,▲
04510,Electricidad,Variación anual,2021,8,2021-08-01,34.9,▲
04510,Electricidad,Variación anual,2021,7,2021-07-01,26.9,▲
04510,Electricidad,Variación anual,2021,6,2021-06-01,37.1,▲
04510,Electricidad,Variación anual,2021,5,2021-05-01,36.3,▲
04510,Electricidad,Variación anual,2021,4,2021-04-01,36.9,▲
04510,Electricidad,Variación anual,2021,3,2021-03-01,14.6,▲
04510,Electricidad,Variación anual,2021,2,2021-02-01,-3.1,▼
04510,Electricidad,Variación anual,2021,1,2021-01-01,15.1,▲
04510,Electricidad,Variación anual,2020,12,2020-12-01,5.9,▲
04510,Electricidad,Variación anual,2020,11,2020-11-01,-1.7,▼
04510,Electricidad,Variación anual,2020,10,2020-10-01,-6.5,▼
04510,Electricidad,Variación anual,2020,9,2020-09-01,-0.1,▼
04510,Electricidad,Variación anual,2020,8,2020-08-01,-5.9,▼
04510,Electricidad,Variación anual,2020,7,2020-07-01,-10.6,▼
04510,Electricidad,Variación anual,2020,6,2020-06-01,-10.8,▼
04510,Electricidad,Variación anual,2020,5,2020-05-01,-17,▼
04510,Electricidad,Variación anual,2020,4,2020-04-01,-19.9,▼
04510,Electricidad,Variación anual,2020,3,2020-03-01,-14.2,▼
04510,Electricidad,Variación anual,2020,2,2020-02-01,-12.1,▼
04510,Electricidad,Variación anual,2020,1,2020-01-01,-12.5,▼
04510,Electricidad,Variación anual,2019,12,2019-12-01,-16.4,▼
04510,Electricidad,Variación anual,2019,11,2019-11-01,-11.6,▼
04510,Electricidad,Variación anual,2019,10,2019-10-01,-11.1,▼
04510,Electricidad,Variación anual,2019,9,2019-09-01,-17.1,▼
04510,Electricidad,Variación anual,2019,8,2019-08-01,-12.7,▼
04510,Electricidad,Variación anual,2019,7,2019-07-01,-7.1,▼
04510,Electricidad,Variación anual,2019,6,2019-06-01,-7.8,▼
04510,Electricidad,Variación anual,2019,5,2019-05-01,-4.9,▼
04510,Electricidad,Variación anual,2019,4,2019-04-01,3.7,▲
04510,Electricidad,Variación anual,2019,3,2019-03-01,3.5,▲
04510,Electricidad,Variación anual,2019,2,2019-02-01,-1.1,▼
04510,Electricidad,Variación anual,2019,1,2019-01-01,5.7,▲
04510,Electricidad,Variación anual,2018,12,2018-12-01,0.5,▲
04510,Electricidad,Variación anual,2018,11,2018-11-01,0.3,▲
04510,Electricidad,Variación anual,2018,10,2018-10-01,3.8,▲
04510,Electricidad,Variación anual,2018,9,2018-09-01,13.7,▲
04510,Electricidad,Variación anual,2018,8,2018-08-01,10.8,▲
04510,Electricidad,Variación anual,2018,7,2018-07-01,8.1,▲
04510,Electricidad,Variación anual,2018,6,2018-06-01,5.4,▲
04510,Electricidad,Variación anual,2018,5,2018-05-01,4.8,▲
04510,Electricidad,Variación anual,2018,4,2018-04-01,-0.8,▼
04510,Electricidad,Variación anual,2018,3,2018-03-01,-1.4,▼
04510,Electricidad,Variación anual,2018,2,2018-02-01,0.5,▲
04510,Electricidad,Variación anual,2018,1,2018-01-01,-13,▼
04510,Electricidad,Variación anual,2017,12,2017-12-01,-0.2,▼
04510,Electricidad,Variación anual,2017,11,2017-11-01,3.5,▲
04510,Electricidad,Variación anual,2017,10,2017-10-01,3.4,▲
04510,Electricidad,Variación anual,2017,9,2017-09-01,4.4,▲
04510,Electricidad,Variación mensual,2022,8,2022-08-01,15.9,▲
04510,Electricidad,Variación mensual,2022,7,2022-07-01,6.4,▲
04510,Electricidad,Variación mensual,2022,6,2022-06-01,9.1,▲
04510,Electricidad,Variación mensual,2022,5,2022-05-01,-2.9,▼
04510,Electricidad,Variación mensual,2022,4,2022-04-01,-26.9,▼
04510,Electricidad,Variación mensual,2022,3,2022-03-01,28.5,▲
04510,Electricidad,Variación mensual,2022,2,2022-02-01,-0.6,▼
04510,Electricidad,Variación mensual,2022,1,2022-01-01,-3.5,▼
04510,Electricidad,Variación mensual,2021,12,2021-12-01,19.9,▲
04510,Electricidad,Variación mensual,2021,11,2021-11-01,-6.8,▼
04510,Electricidad,Variación mensual,2021,10,2021-10-01,10,▲
04510,Electricidad,Variación mensual,2021,9,2021-09-01,10.9,▲
04510,Electricidad,Variación mensual,2021,8,2021-08-01,7.8,▲
04510,Electricidad,Variación mensual,2021,7,2021-07-01,-5,▼
04510,Electricidad,Variación mensual,2021,6,2021-06-01,6.4,▲
04510,Electricidad,Variación mensual,2021,5,2021-05-01,0.6,▲
04510,Electricidad,Variación mensual,2021,4,2021-04-01,12.6,▲
04510,Electricidad,Variación mensual,2021,3,2021-03-01,11.6,▲
04510,Electricidad,Variación mensual,2021,2,2021-02-01,-19.4,▼
04510,Electricidad,Variación mensual,2021,1,2021-01-01,13.4,▲
04510,Electricidad,Variación mensual,2020,12,2020-12-01,2.3,▲
04510,Electricidad,Variación mensual,2020,11,2020-11-01,3.5,▲
04510,Electricidad,Variación mensual,2020,10,2020-10-01,-2.7,▼
04510,Electricidad,Variación mensual,2020,9,2020-09-01,3.9,▲
04510,Electricidad,Variación mensual,2020,8,2020-08-01,1.4,▲
04510,Electricidad,Variación mensual,2020,7,2020-07-01,2.7,▲
04510,Electricidad,Variación mensual,2020,6,2020-06-01,5.8,▲
04510,Electricidad,Variación mensual,2020,5,2020-05-01,1.1,▲
04510,Electricidad,Variación mensual,2020,4,2020-04-01,-5.8,▼
04510,Electricidad,Variación mensual,2020,3,2020-03-01,-5.6,▼
04510,Electricidad,Variación mensual,2020,2,2020-02-01,-4.2,▼
04510,Electricidad,Variación mensual,2020,1,2020-01-01,4.4,▲
04510,Electricidad,Variación mensual,2019,12,2019-12-01,-5,▼
04510,Electricidad,Variación mensual,2019,11,2019-11-01,-1.6,▼
04510,Electricidad,Variación mensual,2019,10,2019-10-01,4,▲
04510,Electricidad,Variación mensual,2019,9,2019-09-01,-2.1,▼
04510,Electricidad,Variación mensual,2019,8,2019-08-01,-3.7,▼
04510,Electricidad,Variación mensual,2019,7,2019-07-01,2.6,▲
04510,Electricidad,Variación mensual,2019,6,2019-06-01,-1.6,▼
04510,Electricidad,Variación mensual,2019,5,2019-05-01,-2.4,▼
04510,Electricidad,Variación mensual,2019,4,2019-04-01,0.8,▲
04510,Electricidad,Variación mensual,2019,3,2019-03-01,-3.3,▼
04510,Electricidad,Variación mensual,2019,2,2019-02-01,-4.7,▼
04510,Electricidad,Variación mensual,2019,1,2019-01-01,-0.3,▼
04510,Electricidad,Variación mensual,2018,12,2018-12-01,0.5,▲
04510,Electricidad,Variación mensual,2018,11,2018-11-01,-1,▼
04510,Electricidad,Variación mensual,2018,10,2018-10-01,-3.1,▼
04510,Electricidad,Variación mensual,2018,9,2018-09-01,3,▲
04510,Electricidad,Variación mensual,2018,8,2018-08-01,2.5,▲
04510,Electricidad,Variación mensual,2018,7,2018-07-01,1.8,▲
04510,Electricidad,Variación mensual,2018,6,2018-06-01,1.5,▲
04510,Electricidad,Variación mensual,2018,5,2018-05-01,6.4,▲
04510,Electricidad,Variación mensual,2018,4,2018-04-01,0.7,▲
04510,Electricidad,Variación mensual,2018,3,2018-03-01,-7.6,▼
04510,Electricidad,Variación mensual,2018,2,2018-02-01,1.8,▲
04510,Electricidad,Variación mensual,2018,1,2018-01-01,-5.2,▼
04510,Electricidad,Variación mensual,2017,12,2017-12-01,0.3,▲
04510,Electricidad,Variación mensual,2017,11,2017-11-01,2.4,▲
04510,Electricidad,Variación mensual,2017,10,2017-10-01,6.2,▲
04510,Electricidad,Variación mensual,2017,9,2017-09-01,0.3,▲
0452,Gas,Variación anual,2022,8,2022-08-01,24.8,▲
0452,Gas,Variación anual,2022,7,2022-07-01,25.8,▲
0452,Gas,Variación anual,2022,6,2022-06-01,22.9,▲
0452,Gas,Variación anual,2022,5,2022-05-01,23,▲
0452,Gas,Variación anual,2022,4,2022-04-01,23,▲
0452,Gas,Variación anual,2022,3,2022-03-01,17.3,▲
0452,Gas,Variación anual,2022,2,2022-02-01,17.3,▲
0452,Gas,Variación anual,2022,1,2022-01-01,17.3,▲
0452,Gas,Variación anual,2021,12,2021-12-01,16.6,▲
0452,Gas,Variación anual,2021,11,2021-11-01,16.6,▲
0452,Gas,Variación anual,2021,10,2021-10-01,16.5,▲
0452,Gas,Variación anual,2021,9,2021-09-01,9.4,▲
0452,Gas,Variación anual,2021,8,2021-08-01,8.2,▲
0452,Gas,Variación anual,2021,7,2021-07-01,6.5,▲
0452,Gas,Variación anual,2021,6,2021-06-01,-0.6,▼
0452,Gas,Variación anual,2021,5,2021-05-01,-1.3,▼
0452,Gas,Variación anual,2021,4,2021-04-01,-1.8,▼
0452,Gas,Variación anual,2021,3,2021-03-01,-2.4,▼
0452,Gas,Variación anual,2021,2,2021-02-01,-3,▼
0452,Gas,Variación anual,2021,1,2021-01-01,-2.8,▼
0452,Gas,Variación anual,2020,12,2020-12-01,-9,▼
0452,Gas,Variación anual,2020,11,2020-11-01,-9,▼
0452,Gas,Variación anual,2020,10,2020-10-01,-9.1,▼
0452,Gas,Variación anual,2020,9,2020-09-01,-6.3,▼
0452,Gas,Variación anual,2020,8,2020-08-01,-6.2,▼
0452,Gas,Variación anual,2020,7,2020-07-01,-5.7,▼
0452,Gas,Variación anual,2020,6,2020-06-01,-2.2,▼
0452,Gas,Variación anual,2020,5,2020-05-01,-3,▼
0452,Gas,Variación anual,2020,4,2020-04-01,-3.5,▼
0452,Gas,Variación anual,2020,3,2020-03-01,-8.3,▼
0452,Gas,Variación anual,2020,2,2020-02-01,-8.8,▼
0452,Gas,Variación anual,2020,1,2020-01-01,-10,▼
0452,Gas,Variación anual,2019,12,2019-12-01,-11.4,▼
0452,Gas,Variación anual,2019,11,2019-11-01,-11.3,▼
0452,Gas,Variación anual,2019,10,2019-10-01,-11.3,▼
0452,Gas,Variación anual,2019,9,2019-09-01,-5.2,▼
0452,Gas,Variación anual,2019,8,2019-08-01,-4.1,▼
0452,Gas,Variación anual,2019,7,2019-07-01,-3.2,▼
0452,Gas,Variación anual,2019,6,2019-06-01,0.1,▲
0452,Gas,Variación anual,2019,5,2019-05-01,0.4,▲
0452,Gas,Variación anual,2019,4,2019-04-01,0.2,▲
0452,Gas,Variación anual,2019,3,2019-03-01,2,▲
0452,Gas,Variación anual,2019,2,2019-02-01,2.1,▲
0452,Gas,Variación anual,2019,1,2019-01-01,2.8,▲
0452,Gas,Variación anual,2018,12,2018-12-01,11.5,▲
0452,Gas,Variación anual,2018,11,2018-11-01,11.1,▲
0452,Gas,Variación anual,2018,10,2018-10-01,10.8,▲
0452,Gas,Variación anual,2018,9,2018-09-01,2.4,▲
0452,Gas,Variación anual,2018,8,2018-08-01,1.3,▲
0452,Gas,Variación anual,2018,7,2018-07-01,1.4,▲
0452,Gas,Variación anual,2018,6,2018-06-01,-1.6,▼
0452,Gas,Variación anual,2018,5,2018-05-01,-0.4,▼
0452,Gas,Variación anual,2018,4,2018-04-01,0.9,▲
0452,Gas,Variación anual,2018,3,2018-03-01,6.6,▲
0452,Gas,Variación anual,2018,2,2018-02-01,7.7,▲
0452,Gas,Variación anual,2018,1,2018-01-01,8.2,▲
0452,Gas,Variación anual,2017,12,2017-12-01,6.8,▲
0452,Gas,Variación anual,2017,11,2017-11-01,7.1,▲
0452,Gas,Variación anual,2017,10,2017-10-01,7.8,▲
0452,Gas,Variación anual,2017,9,2017-09-01,11.4,▲
0452,Gas,Variación mensual,2022,8,2022-08-01,0,=
0452,Gas,Variación mensual,2022,7,2022-07-01,5.3,▲
0452,Gas,Variación mensual,2022,6,2022-06-01,0.6,▲
0452,Gas,Variación mensual,2022,5,2022-05-01,0.6,▲
0452,Gas,Variación mensual,2022,4,2022-04-01,5.4,▲
0452,Gas,Variación mensual,2022,3,2022-03-01,0.7,▲
0452,Gas,Variación mensual,2022,2,2022-02-01,0.6,▲
0452,Gas,Variación mensual,2022,1,2022-01-01,5.1,▲
0452,Gas,Variación mensual,2021,12,2021-12-01,0.6,▲
0452,Gas,Variación mensual,2021,11,2021-11-01,0.6,▲
0452,Gas,Variación mensual,2021,10,2021-10-01,2.7,▲
0452,Gas,Variación mensual,2021,9,2021-09-01,0.4,▲
0452,Gas,Variación mensual,2021,8,2021-08-01,0.8,▲
0452,Gas,Variación mensual,2021,7,2021-07-01,2.9,▲
0452,Gas,Variación mensual,2021,6,2021-06-01,0.7,▲
0452,Gas,Variación mensual,2021,5,2021-05-01,0.6,▲
0452,Gas,Variación mensual,2021,4,2021-04-01,0.6,▲
0452,Gas,Variación mensual,2021,3,2021-03-01,0.6,▲
0452,Gas,Variación mensual,2021,2,2021-02-01,0.7,▲
0452,Gas,Variación mensual,2021,1,2021-01-01,4.4,▲
0452,Gas,Variación mensual,2020,12,2020-12-01,0.7,▲
0452,Gas,Variación mensual,2020,11,2020-11-01,0.6,▲
0452,Gas,Variación mensual,2020,10,2020-10-01,-3.6,▼
0452,Gas,Variación mensual,2020,9,2020-09-01,-0.7,▼
0452,Gas,Variación mensual,2020,8,2020-08-01,-0.9,▼
0452,Gas,Variación mensual,2020,7,2020-07-01,-4,▼
0452,Gas,Variación mensual,2020,6,2020-06-01,0,=
0452,Gas,Variación mensual,2020,5,2020-05-01,0,=
0452,Gas,Variación mensual,2020,4,2020-04-01,0,=
0452,Gas,Variación mensual,2020,3,2020-03-01,0,=
0452,Gas,Variación mensual,2020,2,2020-02-01,0.8,▲
0452,Gas,Variación mensual,2020,1,2020-01-01,-2.2,▼
0452,Gas,Variación mensual,2019,12,2019-12-01,0.7,▲
0452,Gas,Variación mensual,2019,11,2019-11-01,0.5,▲
0452,Gas,Variación mensual,2019,10,2019-10-01,-0.6,▼
0452,Gas,Variación mensual,2019,9,2019-09-01,-0.6,▼
0452,Gas,Variación mensual,2019,8,2019-08-01,-0.4,▼
0452,Gas,Variación mensual,2019,7,2019-07-01,-0.4,▼
0452,Gas,Variación mensual,2019,6,2019-06-01,-0.8,▼
0452,Gas,Variación mensual,2019,5,2019-05-01,-0.5,▼
0452,Gas,Variación mensual,2019,4,2019-04-01,-5,▼
0452,Gas,Variación mensual,2019,3,2019-03-01,-0.5,▼
0452,Gas,Variación mensual,2019,2,2019-02-01,-0.6,▼
0452,Gas,Variación mensual,2019,1,2019-01-01,-3.7,▼
0452,Gas,Variación mensual,2018,12,2018-12-01,0.8,▲
0452,Gas,Variación mensual,2018,11,2018-11-01,0.5,▲
0452,Gas,Variación mensual,2018,10,2018-10-01,6.3,▲
0452,Gas,Variación mensual,2018,9,2018-09-01,0.5,▲
0452,Gas,Variación mensual,2018,8,2018-08-01,0.6,▲
0452,Gas,Variación mensual,2018,7,2018-07-01,3,▲
0452,Gas,Variación mensual,2018,6,2018-06-01,-0.6,▼
0452,Gas,Variación mensual,2018,5,2018-05-01,-0.7,▼
0452,Gas,Variación mensual,2018,4,2018-04-01,-3.2,▼
0452,Gas,Variación mensual,2018,3,2018-03-01,-0.5,▼
0452,Gas,Variación mensual,2018,2,2018-02-01,0.2,▲
0452,Gas,Variación mensual,2018,1,2018-01-01,4.4,▲
0452,Gas,Variación mensual,2017,12,2017-12-01,0.4,▲
0452,Gas,Variación mensual,2017,11,2017-11-01,0.2,▲
0452,Gas,Variación mensual,2017,10,2017-10-01,-1.8,▼
0452,Gas,Variación mensual,2017,9,2017-09-01,-0.6,▼
07321,Transporte en autobús,Variación anual,2022,8,2022-08-01,0.9,▲
07321,Transporte en autobús,Variación anual,2022,7,2022-07-01,0.9,▲
07321,Transporte en autobús,Variación anual,2022,6,2022-06-01,0.7,▲
07321,Transporte en autobús,Variación anual,2022,5,2022-05-01,0.6,▲
07321,Transporte en autobús,Variación anual,2022,4,2022-04-01,0.4,▲
07321,Transporte en autobús,Variación anual,2022,3,2022-03-01,0.3,▲
07321,Transporte en autobús,Variación anual,2022,2,2022-02-01,0.4,▲
07321,Transporte en autobús,Variación anual,2022,1,2022-01-01,0.4,▲
07321,Transporte en autobús,Variación anual,2021,12,2021-12-01,0.6,▲
07321,Transporte en autobús,Variación anual,2021,11,2021-11-01,0.7,▲
07321,Transporte en autobús,Variación anual,2021,10,2021-10-01,0.9,▲
07321,Transporte en autobús,Variación anual,2021,9,2021-09-01,0.8,▲
07321,Transporte en autobús,Variación anual,2021,8,2021-08-01,0.9,▲
07321,Transporte en autobús,Variación anual,2021,7,2021-07-01,0.9,▲
07321,Transporte en autobús,Variación anual,2021,6,2021-06-01,1.1,▲
07321,Transporte en autobús,Variación anual,2021,5,2021-05-01,1.1,▲
07321,Transporte en autobús,Variación anual,2021,4,2021-04-01,1.4,▲
07321,Transporte en autobús,Variación anual,2021,3,2021-03-01,1.4,▲
07321,Transporte en autobús,Variación anual,2021,2,2021-02-01,1.3,▲
07321,Transporte en autobús,Variación anual,2021,1,2021-01-01,1.1,▲
07321,Transporte en autobús,Variación anual,2020,12,2020-12-01,1,▲
07321,Transporte en autobús,Variación anual,2020,11,2020-11-01,0.9,▲
07321,Transporte en autobús,Variación anual,2020,10,2020-10-01,0.9,▲
07321,Transporte en autobús,Variación anual,2020,9,2020-09-01,0.9,▲
07321,Transporte en autobús,Variación anual,2020,8,2020-08-01,0.8,▲
07321,Transporte en autobús,Variación anual,2020,7,2020-07-01,0.7,▲
07321,Transporte en autobús,Variación anual,2020,6,2020-06-01,0.7,▲
07321,Transporte en autobús,Variación anual,2020,5,2020-05-01,0.8,▲
07321,Transporte en autobús,Variación anual,2020,4,2020-04-01,0.8,▲
07321,Transporte en autobús,Variación anual,2020,3,2020-03-01,0.8,▲
07321,Transporte en autobús,Variación anual,2020,2,2020-02-01,0.8,▲
07321,Transporte en autobús,Variación anual,2020,1,2020-01-01,0.8,▲
07321,Transporte en autobús,Variación anual,2019,12,2019-12-01,0.5,▲
07321,Transporte en autobús,Variación anual,2019,11,2019-11-01,0.5,▲
07321,Transporte en autobús,Variación anual,2019,10,2019-10-01,0.5,▲
07321,Transporte en autobús,Variación anual,2019,9,2019-09-01,0.5,▲
07321,Transporte en autobús,Variación anual,2019,8,2019-08-01,0.5,▲
07321,Transporte en autobús,Variación anual,2019,7,2019-07-01,0.4,▲
07321,Transporte en autobús,Variación anual,2019,6,2019-06-01,0.5,▲
07321,Transporte en autobús,Variación anual,2019,5,2019-05-01,0.5,▲
07321,Transporte en autobús,Variación anual,2019,4,2019-04-01,0.4,▲
07321,Transporte en autobús,Variación anual,2019,3,2019-03-01,0.3,▲
07321,Transporte en autobús,Variación anual,2019,2,2019-02-01,0.4,▲
07321,Transporte en autobús,Variación anual,2019,1,2019-01-01,0.5,▲
07321,Transporte en autobús,Variación anual,2018,12,2018-12-01,0.5,▲
07321,Transporte en autobús,Variación anual,2018,11,2018-11-01,0.5,▲
07321,Transporte en autobús,Variación anual,2018,10,2018-10-01,0.4,▲
07321,Transporte en autobús,Variación anual,2018,9,2018-09-01,0.3,▲
07321,Transporte en autobús,Variación anual,2018,8,2018-08-01,0.3,▲
07321,Transporte en autobús,Variación anual,2018,7,2018-07-01,0.4,▲
07321,Transporte en autobús,Variación anual,2018,6,2018-06-01,0.3,▲
07321,Transporte en autobús,Variación anual,2018,5,2018-05-01,0,=
07321,Transporte en autobús,Variación anual,2018,4,2018-04-01,-0.1,▼
07321,Transporte en autobús,Variación anual,2018,3,2018-03-01,0,=
07321,Transporte en autobús,Variación anual,2018,2,2018-02-01,0.1,▲
07321,Transporte en autobús,Variación anual,2018,1,2018-01-01,0.1,▲
07321,Transporte en autobús,Variación mensual,2022,8,2022-08-01,0,=
07321,Transporte en autobús,Variación mensual,2022,7,2022-07-01,0.1,▲
07321,Transporte en autobús,Variación mensual,2022,6,2022-06-01,0.1,▲
07321,Transporte en autobús,Variación mensual,2022,5,2022-05-01,0.1,▲
07321,Transporte en autobús,Variación mensual,2022,4,2022-04-01,0,=
07321,Transporte en autobús,Variación mensual,2022,3,2022-03-01,0.1,▲
07321,Transporte en autobús,Variación mensual,2022,2,2022-02-01,0.1,▲
07321,Transporte en autobús,Variación mensual,2022,1,2022-01-01,0.2,▲
07321,Transporte en autobús,Variación mensual,2021,12,2021-12-01,0,=
07321,Transporte en autobús,Variación mensual,2021,11,2021-11-01,0,=
07321,Transporte en autobús,Variación mensual,2021,10,2021-10-01,0.1,▲
07321,Transporte en autobús,Variación mensual,2021,9,2021-09-01,0.1,▲
07321,Transporte en autobús,Variación mensual,2021,8,2021-08-01,0,=
07321,Transporte en autobús,Variación mensual,2021,7,2021-07-01,-0.1,▼
07321,Transporte en autobús,Variación mensual,2021,6,2021-06-01,0,=
07321,Transporte en autobús,Variación mensual,2021,5,2021-05-01,-0.1,▼
07321,Transporte en autobús,Variación mensual,2021,4,2021-04-01,0,=
07321,Transporte en autobús,Variación mensual,2021,3,2021-03-01,0.1,▲
07321,Transporte en autobús,Variación mensual,2021,2,2021-02-01,0.1,▲
07321,Transporte en autobús,Variación mensual,2021,1,2021-01-01,0.5,▲
07321,Transporte en autobús,Variación mensual,2020,12,2020-12-01,0.1,▲
07321,Transporte en autobús,Variación mensual,2020,11,2020-11-01,0.1,▲
07321,Transporte en autobús,Variación mensual,2020,10,2020-10-01,0,=
07321,Transporte en autobús,Variación mensual,2020,9,2020-09-01,0.2,▲
07321,Transporte en autobús,Variación mensual,2020,8,2020-08-01,0.1,▲
07321,Transporte en autobús,Variación mensual,2020,7,2020-07-01,0.1,▲
07321,Transporte en autobús,Variación mensual,2020,6,2020-06-01,0,=
07321,Transporte en autobús,Variación mensual,2020,5,2020-05-01,0.2,▲
07321,Transporte en autobús,Variación mensual,2020,4,2020-04-01,0,=
07321,Transporte en autobús,Variación mensual,2020,3,2020-03-01,0,=
07321,Transporte en autobús,Variación mensual,2020,2,2020-02-01,-0.1,▼
07321,Transporte en autobús,Variación mensual,2020,1,2020-01-01,0.3,▲
07321,Transporte en autobús,Variación mensual,2019,12,2019-12-01,0,=
07321,Transporte en autobús,Variación mensual,2019,11,2019-11-01,0.1,▲
07321,Transporte en autobús,Variación mensual,2019,10,2019-10-01,0.1,▲
07321,Transporte en autobús,Variación mensual,2019,9,2019-09-01,0.1,▲
07321,Transporte en autobús,Variación mensual,2019,8,2019-08-01,0,=
07321,Transporte en autobús,Variación mensual,2019,7,2019-07-01,0.1,▲
07321,Transporte en autobús,Variación mensual,2019,6,2019-06-01,0.1,▲
07321,Transporte en autobús,Variación mensual,2019,5,2019-05-01,0.1,▲
07321,Transporte en autobús,Variación mensual,2019,4,2019-04-01,0,=
07321,Transporte en autobús,Variación mensual,2019,3,2019-03-01,0,=
07321,Transporte en autobús,Variación mensual,2019,2,2019-02-01,-0.1,▼
07321,Transporte en autobús,Variación mensual,2019,1,2019-01-01,0,=
07321,Transporte en autobús,Variación mensual,2018,12,2018-12-01,0,=
07321,Transporte en autobús,Variación mensual,2018,11,2018-11-01,0,=
07321,Transporte en autobús,Variación mensual,2018,10,2018-10-01,0,=
07321,Transporte en autobús,Variación mensual,2018,9,2018-09-01,0.1,▲
07321,Transporte en autobús,Variación mensual,2018,8,2018-08-01,0,=
07321,Transporte en autobús,Variación mensual,2018,7,2018-07-01,0.1,▲
07321,Transporte en autobús,Variación mensual,2018,6,2018-06-01,0.1,▲
07321,Transporte en autobús,Variación mensual,2018,5,2018-05-01,0.1,▲
07321,Transporte en autobús,Variación mensual,2018,4,2018-04-01,-0.1,▼
07321,Transporte en autobús,Variación mensual,2018,3,2018-03-01,0.1,▲
07321,Transporte en autobús,Variación mensual,2018,2,2018-02-01,0,=
07321,Transporte en autobús,Variación mensual,2018,1,2018-01-01,0.1,▲
07321,Transporte en autobús,Variación mensual,2017,12,2017-12-01,0,=
07321,Transporte en autobús,Variación mensual,2017,11,2017-11-01,0,=
07321,Transporte en autobús,Variación mensual,2017,10,2017-10-01,0,=
07321,Transporte en autobús,Variación mensual,2017,9,2017-09-01,0.1,▲
08302,Servicios tlf. móvil,Variación anual,2022,8,2022-08-01,-6.3,▼
08302,Servicios tlf. móvil,Variación anual,2022,7,2022-07-01,-6.3,▼
08302,Servicios tlf. móvil,Variación anual,2022,6,2022-06-01,-1.3,▼
08302,Servicios tlf. móvil,Variación anual,2022,5,2022-05-01,-1.3,▼
08302,Servicios tlf. móvil,Variación anual,2022,4,2022-04-01,-1.3,▼
08302,Servicios tlf. móvil,Variación anual,2022,3,2022-03-01,-0.9,▼
08302,Servicios tlf. móvil,Variación anual,2022,2,2022-02-01,-0.9,▼
08302,Servicios tlf. móvil,Variación anual,2022,1,2022-01-01,-0.9,▼
08302,Servicios tlf. móvil,Variación anual,2021,12,2021-12-01,-1.4,▼
08302,Servicios tlf. móvil,Variación anual,2021,11,2021-11-01,-1.4,▼
08302,Servicios tlf. móvil,Variación anual,2021,10,2021-10-01,-1.4,▼
08302,Servicios tlf. móvil,Variación anual,2021,9,2021-09-01,-2.7,▼
08302,Servicios tlf. móvil,Variación anual,2021,8,2021-08-01,-2.7,▼
08302,Servicios tlf. móvil,Variación anual,2021,7,2021-07-01,-2.7,▼
08302,Servicios tlf. móvil,Variación anual,2021,6,2021-06-01,-6,▼
08302,Servicios tlf. móvil,Variación anual,2021,5,2021-05-01,-6,▼
08302,Servicios tlf. móvil,Variación anual,2021,4,2021-04-01,-6,▼
08302,Servicios tlf. móvil,Variación anual,2021,3,2021-03-01,-6.8,▼
08302,Servicios tlf. móvil,Variación anual,2021,2,2021-02-01,-6.8,▼
08302,Servicios tlf. móvil,Variación anual,2021,1,2021-01-01,-6.8,▼
08302,Servicios tlf. móvil,Variación anual,2020,12,2020-12-01,-7.3,▼
08302,Servicios tlf. móvil,Variación anual,2020,11,2020-11-01,-7.3,▼
08302,Servicios tlf. móvil,Variación anual,2020,10,2020-10-01,-7.3,▼
08302,Servicios tlf. móvil,Variación anual,2020,9,2020-09-01,-5.6,▼
08302,Servicios tlf. móvil,Variación anual,2020,8,2020-08-01,-5.6,▼
08302,Servicios tlf. móvil,Variación anual,2020,7,2020-07-01,-5.6,▼
08302,Servicios tlf. móvil,Variación anual,2020,6,2020-06-01,-3,▼
08302,Servicios tlf. móvil,Variación anual,2020,5,2020-05-01,-3,▼
08302,Servicios tlf. móvil,Variación anual,2020,4,2020-04-01,-3,▼
08302,Servicios tlf. móvil,Variación anual,2020,3,2020-03-01,-2.2,▼
08302,Servicios tlf. móvil,Variación anual,2020,2,2020-02-01,-2.2,▼
08302,Servicios tlf. móvil,Variación anual,2020,1,2020-01-01,-2.2,▼
08302,Servicios tlf. móvil,Variación anual,2019,12,2019-12-01,-0.6,▼
08302,Servicios tlf. móvil,Variación anual,2019,11,2019-11-01,-0.6,▼
08302,Servicios tlf. móvil,Variación anual,2019,10,2019-10-01,-0.6,▼
08302,Servicios tlf. móvil,Variación anual,2019,9,2019-09-01,-0.4,▼
08302,Servicios tlf. móvil,Variación anual,2019,8,2019-08-01,-0.4,▼
08302,Servicios tlf. móvil,Variación anual,2019,7,2019-07-01,-0.4,▼
08302,Servicios tlf. móvil,Variación anual,2019,6,2019-06-01,-0.4,▼
08302,Servicios tlf. móvil,Variación anual,2019,5,2019-05-01,-0.4,▼
08302,Servicios tlf. móvil,Variación anual,2019,4,2019-04-01,1,▲
08302,Servicios tlf. móvil,Variación anual,2019,3,2019-03-01,1.7,▲
08302,Servicios tlf. móvil,Variación anual,2019,2,2019-02-01,1.7,▲
08302,Servicios tlf. móvil,Variación anual,2019,1,2019-01-01,2.6,▲
08302,Servicios tlf. móvil,Variación anual,2018,12,2018-12-01,1.5,▲
08302,Servicios tlf. móvil,Variación anual,2018,11,2018-11-01,1.5,▲
08302,Servicios tlf. móvil,Variación anual,2018,10,2018-10-01,1.5,▲
08302,Servicios tlf. móvil,Variación anual,2018,9,2018-09-01,1.5,▲
08302,Servicios tlf. móvil,Variación anual,2018,8,2018-08-01,1.5,▲
08302,Servicios tlf. móvil,Variación anual,2018,7,2018-07-01,1.5,▲
08302,Servicios tlf. móvil,Variación anual,2018,6,2018-06-01,2.4,▲
08302,Servicios tlf. móvil,Variación anual,2018,5,2018-05-01,2.4,▲
08302,Servicios tlf. móvil,Variación anual,2018,4,2018-04-01,1.2,▲
08302,Servicios tlf. móvil,Variación anual,2018,3,2018-03-01,0.4,▲
08302,Servicios tlf. móvil,Variación anual,2018,2,2018-02-01,0.4,▲
08302,Servicios tlf. móvil,Variación anual,2018,1,2018-01-01,-0.4,▼
08302,Servicios tlf. móvil,Variación mensual,2022,8,2022-08-01,0,=
08302,Servicios tlf. móvil,Variación mensual,2022,7,2022-07-01,-5.7,▼
08302,Servicios tlf. móvil,Variación mensual,2022,6,2022-06-01,0,=
08302,Servicios tlf. móvil,Variación mensual,2022,5,2022-05-01,0,=
08302,Servicios tlf. móvil,Variación mensual,2022,4,2022-04-01,-0.3,▼
08302,Servicios tlf. móvil,Variación mensual,2022,3,2022-03-01,0,=
08302,Servicios tlf. móvil,Variación mensual,2022,2,2022-02-01,0,=
08302,Servicios tlf. móvil,Variación mensual,2022,1,2022-01-01,0.4,▲
08302,Servicios tlf. móvil,Variación mensual,2021,12,2021-12-01,0,=
08302,Servicios tlf. móvil,Variación mensual,2021,11,2021-11-01,0,=
08302,Servicios tlf. móvil,Variación mensual,2021,10,2021-10-01,-0.8,▼
08302,Servicios tlf. móvil,Variación mensual,2021,9,2021-09-01,0,=
08302,Servicios tlf. móvil,Variación mensual,2021,8,2021-08-01,0,=
08302,Servicios tlf. móvil,Variación mensual,2021,7,2021-07-01,-0.6,▼
08302,Servicios tlf. móvil,Variación mensual,2021,6,2021-06-01,0,=
08302,Servicios tlf. móvil,Variación mensual,2021,5,2021-05-01,0,=
08302,Servicios tlf. móvil,Variación mensual,2021,4,2021-04-01,0,=
08302,Servicios tlf. móvil,Variación mensual,2021,3,2021-03-01,0,=
08302,Servicios tlf. móvil,Variación mensual,2021,2,2021-02-01,0,=
08302,Servicios tlf. móvil,Variación mensual,2021,1,2021-01-01,0,=
08302,Servicios tlf. móvil,Variación mensual,2020,12,2020-12-01,0,=
08302,Servicios tlf. móvil,Variación mensual,2020,11,2020-11-01,0,=
08302,Servicios tlf. móvil,Variación mensual,2020,10,2020-10-01,-2.1,▼
08302,Servicios tlf. móvil,Variación mensual,2020,9,2020-09-01,0,=
08302,Servicios tlf. móvil,Variación mensual,2020,8,2020-08-01,0,=
08302,Servicios tlf. móvil,Variación mensual,2020,7,2020-07-01,-4,▼
08302,Servicios tlf. móvil,Variación mensual,2020,6,2020-06-01,0,=
08302,Servicios tlf. móvil,Variación mensual,2020,5,2020-05-01,0,=
08302,Servicios tlf. móvil,Variación mensual,2020,4,2020-04-01,-0.9,▼
08302,Servicios tlf. móvil,Variación mensual,2020,3,2020-03-01,0,=
08302,Servicios tlf. móvil,Variación mensual,2020,2,2020-02-01,0,=
08302,Servicios tlf. móvil,Variación mensual,2020,1,2020-01-01,-0.6,▼
08302,Servicios tlf. móvil,Variación mensual,2019,12,2019-12-01,0,=
08302,Servicios tlf. móvil,Variación mensual,2019,11,2019-11-01,0,=
08302,Servicios tlf. móvil,Variación mensual,2019,10,2019-10-01,-0.3,▼
08302,Servicios tlf. móvil,Variación mensual,2019,9,2019-09-01,0,=
08302,Servicios tlf. móvil,Variación mensual,2019,8,2019-08-01,0,=
08302,Servicios tlf. móvil,Variación mensual,2019,7,2019-07-01,-1.3,▼
08302,Servicios tlf. móvil,Variación mensual,2019,6,2019-06-01,0,=
08302,Servicios tlf. móvil,Variación mensual,2019,5,2019-05-01,0,=
08302,Servicios tlf. móvil,Variación mensual,2019,4,2019-04-01,0,=
08302,Servicios tlf. móvil,Variación mensual,2019,3,2019-03-01,0,=
08302,Servicios tlf. móvil,Variación mensual,2019,2,2019-02-01,0,=
08302,Servicios tlf. móvil,Variación mensual,2019,1,2019-01-01,1,▲
08302,Servicios tlf. móvil,Variación mensual,2018,12,2018-12-01,0,=
08302,Servicios tlf. móvil,Variación mensual,2018,11,2018-11-01,0,=
08302,Servicios tlf. móvil,Variación mensual,2018,10,2018-10-01,0,=
08302,Servicios tlf. móvil,Variación mensual,2018,9,2018-09-01,0,=
08302,Servicios tlf. móvil,Variación mensual,2018,8,2018-08-01,0,=
08302,Servicios tlf. móvil,Variación mensual,2018,7,2018-07-01,-1.3,▼
08302,Servicios tlf. móvil,Variación mensual,2018,6,2018-06-01,0,=
08302,Servicios tlf. móvil,Variación mensual,2018,5,2018-05-01,1.4,▲
08302,Servicios tlf. móvil,Variación mensual,2018,4,2018-04-01,0.7,▲
08302,Servicios tlf. móvil,Variación mensual,2018,3,2018-03-01,0,=
08302,Servicios tlf. móvil,Variación mensual,2018,2,2018-02-01,0.8,▲
08302,Servicios tlf. móvil,Variación mensual,2018,1,2018-01-01,0,=
08302,Servicios tlf. móvil,Variación mensual,2017,12,2017-12-01,0,=
08302,Servicios tlf. móvil,Variación mensual,2017,11,2017-11-01,0,=
08302,Servicios tlf. móvil,Variación mensual,2017,10,2017-10-01,0,=
08302,Servicios tlf. móvil,Variación mensual,2017,9,2017-09-01,0,=
09423,Plataformas de TV,Variación anual,2022,8,2022-08-01,3.5,▲
09423,Plataformas de TV,Variación anual,2022,7,2022-07-01,3.5,▲
09423,Plataformas de TV,Variación anual,2022,6,2022-06-01,3.5,▲
09423,Plataformas de TV,Variación anual,2022,5,2022-05-01,3.5,▲
09423,Plataformas de TV,Variación anual,2022,4,2022-04-01,3.5,▲
09423,Plataformas de TV,Variación anual,2022,3,2022-03-01,0.8,▲
09423,Plataformas de TV,Variación anual,2022,2,2022-02-01,0.8,▲
09423,Plataformas de TV,Variación anual,2022,1,2022-01-01,0.8,▲
09423,Plataformas de TV,Variación anual,2021,12,2021-12-01,0.8,▲
09423,Plataformas de TV,Variación anual,2021,11,2021-11-01,0.8,▲
09423,Plataformas de TV,Variación anual,2021,10,2021-10-01,0.8,▲
09423,Plataformas de TV,Variación anual,2021,9,2021-09-01,0,=
09423,Plataformas de TV,Variación anual,2021,8,2021-08-01,0,=
09423,Plataformas de TV,Variación anual,2021,7,2021-07-01,0,=
09423,Plataformas de TV,Variación anual,2021,6,2021-06-01,0,=
09423,Plataformas de TV,Variación anual,2021,5,2021-05-01,0,=
09423,Plataformas de TV,Variación anual,2021,4,2021-04-01,0,=
09423,Plataformas de TV,Variación anual,2021,3,2021-03-01,0,=
09423,Plataformas de TV,Variación anual,2021,2,2021-02-01,0,=
09423,Plataformas de TV,Variación anual,2021,1,2021-01-01,0,=
09423,Plataformas de TV,Variación anual,2020,12,2020-12-01,1.5,▲
09423,Plataformas de TV,Variación anual,2020,11,2020-11-01,1.5,▲
09423,Plataformas de TV,Variación anual,2020,10,2020-10-01,1.5,▲
09423,Plataformas de TV,Variación anual,2020,9,2020-09-01,1.5,▲
09423,Plataformas de TV,Variación anual,2020,8,2020-08-01,1.5,▲
09423,Plataformas de TV,Variación anual,2020,7,2020-07-01,1.5,▲
09423,Plataformas de TV,Variación anual,2020,6,2020-06-01,4.8,▲
09423,Plataformas de TV,Variación anual,2020,5,2020-05-01,4.8,▲
09423,Plataformas de TV,Variación anual,2020,4,2020-04-01,4.8,▲
09423,Plataformas de TV,Variación anual,2020,3,2020-03-01,4.8,▲
09423,Plataformas de TV,Variación anual,2020,2,2020-02-01,4.8,▲
09423,Plataformas de TV,Variación anual,2020,1,2020-01-01,4.8,▲
09423,Plataformas de TV,Variación anual,2019,12,2019-12-01,0.3,▲
09423,Plataformas de TV,Variación anual,2019,11,2019-11-01,0.3,▲
09423,Plataformas de TV,Variación anual,2019,10,2019-10-01,0.3,▲
09423,Plataformas de TV,Variación anual,2019,9,2019-09-01,0.3,▲
09423,Plataformas de TV,Variación anual,2019,8,2019-08-01,0.3,▲
09423,Plataformas de TV,Variación anual,2019,7,2019-07-01,0.3,▲
09423,Plataformas de TV,Variación anual,2019,6,2019-06-01,-2.9,▼
09423,Plataformas de TV,Variación anual,2019,5,2019-05-01,-2.9,▼
09423,Plataformas de TV,Variación anual,2019,4,2019-04-01,-2.9,▼
09423,Plataformas de TV,Variación anual,2019,3,2019-03-01,-2.9,▼
09423,Plataformas de TV,Variación anual,2019,2,2019-02-01,-2.9,▼
09423,Plataformas de TV,Variación anual,2019,1,2019-01-01,-2.9,▼
09423,Plataformas de TV,Variación anual,2018,12,2018-12-01,0,=
09423,Plataformas de TV,Variación anual,2018,11,2018-11-01,0,=
09423,Plataformas de TV,Variación anual,2018,10,2018-10-01,0,=
09423,Plataformas de TV,Variación anual,2018,9,2018-09-01,2.4,▲
09423,Plataformas de TV,Variación anual,2018,8,2018-08-01,2.4,▲
09423,Plataformas de TV,Variación anual,2018,7,2018-07-01,2.4,▲
09423,Plataformas de TV,Variación anual,2018,6,2018-06-01,2.4,▲
09423,Plataformas de TV,Variación anual,2018,5,2018-05-01,2.4,▲
09423,Plataformas de TV,Variación anual,2018,4,2018-04-01,2.4,▲
09423,Plataformas de TV,Variación anual,2018,3,2018-03-01,2.4,▲
09423,Plataformas de TV,Variación anual,2018,2,2018-02-01,2.4,▲
09423,Plataformas de TV,Variación anual,2018,1,2018-01-01,2.4,▲
09423,Plataformas de TV,Variación mensual,2022,8,2022-08-01,0,=
09423,Plataformas de TV,Variación mensual,2022,7,2022-07-01,0,=
09423,Plataformas de TV,Variación mensual,2022,6,2022-06-01,0,=
09423,Plataformas de TV,Variación mensual,2022,5,2022-05-01,0,=
09423,Plataformas de TV,Variación mensual,2022,4,2022-04-01,2.7,▲
09423,Plataformas de TV,Variación mensual,2022,3,2022-03-01,0,=
09423,Plataformas de TV,Variación mensual,2022,2,2022-02-01,0,=
09423,Plataformas de TV,Variación mensual,2022,1,2022-01-01,0,=
09423,Plataformas de TV,Variación mensual,2021,12,2021-12-01,0,=
09423,Plataformas de TV,Variación mensual,2021,11,2021-11-01,0,=
09423,Plataformas de TV,Variación mensual,2021,10,2021-10-01,0.8,▲
09423,Plataformas de TV,Variación mensual,2021,9,2021-09-01,0,=
09423,Plataformas de TV,Variación mensual,2021,8,2021-08-01,0,=
09423,Plataformas de TV,Variación mensual,2021,7,2021-07-01,0,=
09423,Plataformas de TV,Variación mensual,2021,6,2021-06-01,0,=
09423,Plataformas de TV,Variación mensual,2021,5,2021-05-01,0,=
09423,Plataformas de TV,Variación mensual,2021,4,2021-04-01,0,=
09423,Plataformas de TV,Variación mensual,2021,3,2021-03-01,0,=
09423,Plataformas de TV,Variación mensual,2021,2,2021-02-01,0,=
09423,Plataformas de TV,Variación mensual,2021,1,2021-01-01,0,=
09423,Plataformas de TV,Variación mensual,2020,12,2020-12-01,0,=
09423,Plataformas de TV,Variación mensual,2020,11,2020-11-01,0,=
09423,Plataformas de TV,Variación mensual,2020,10,2020-10-01,0,=
09423,Plataformas de TV,Variación mensual,2020,9,2020-09-01,0,=
09423,Plataformas de TV,Variación mensual,2020,8,2020-08-01,0,=
09423,Plataformas de TV,Variación mensual,2020,7,2020-07-01,0,=
09423,Plataformas de TV,Variación mensual,2020,6,2020-06-01,0,=
09423,Plataformas de TV,Variación mensual,2020,5,2020-05-01,0,=
09423,Plataformas de TV,Variación mensual,2020,4,2020-04-01,0,=
09423,Plataformas de TV,Variación mensual,2020,3,2020-03-01,0,=
09423,Plataformas de TV,Variación mensual,2020,2,2020-02-01,0,=
09423,Plataformas de TV,Variación mensual,2020,1,2020-01-01,1.5,▲
09423,Plataformas de TV,Variación mensual,2019,12,2019-12-01,0,=
09423,Plataformas de TV,Variación mensual,2019,11,2019-11-01,0,=
09423,Plataformas de TV,Variación mensual,2019,10,2019-10-01,0,=
09423,Plataformas de TV,Variación mensual,2019,9,2019-09-01,0,=
09423,Plataformas de TV,Variación mensual,2019,8,2019-08-01,0,=
09423,Plataformas de TV,Variación mensual,2019,7,2019-07-01,3.3,▲
09423,Plataformas de TV,Variación mensual,2019,6,2019-06-01,0,=
09423,Plataformas de TV,Variación mensual,2019,5,2019-05-01,0,=
09423,Plataformas de TV,Variación mensual,2019,4,2019-04-01,0,=
09423,Plataformas de TV,Variación mensual,2019,3,2019-03-01,0,=
09423,Plataformas de TV,Variación mensual,2019,2,2019-02-01,0,=
09423,Plataformas de TV,Variación mensual,2019,1,2019-01-01,-2.9,▼
09423,Plataformas de TV,Variación mensual,2018,12,2018-12-01,0,=
09423,Plataformas de TV,Variación mensual,2018,11,2018-11-01,0,=
09423,Plataformas de TV,Variación mensual,2018,10,2018-10-01,0,=
09423,Plataformas de TV,Variación mensual,2018,9,2018-09-01,0,=
09423,Plataformas de TV,Variación mensual,2018,8,2018-08-01,0,=
09423,Plataformas de TV,Variación mensual,2018,7,2018-07-01,0,=
09423,Plataformas de TV,Variación mensual,2018,6,2018-06-01,0,=
09423,Plataformas de TV,Variación mensual,2018,5,2018-05-01,0,=
09423,Plataformas de TV,Variación mensual,2018,4,2018-04-01,0,=
09423,Plataformas de TV,Variación mensual,2018,3,2018-03-01,0,=
09423,Plataformas de TV,Variación mensual,2018,2,2018-02-01,0,=
09423,Plataformas de TV,Variación mensual,2018,1,2018-01-01,0,=
09423,Plataformas de TV,Variación mensual,2017,12,2017-12-01,0,=
09423,Plataformas de TV,Variación mensual,2017,11,2017-11-01,0,=
09423,Plataformas de TV,Variación mensual,2017,10,2017-10-01,2.4,▲
09423,Plataformas de TV,Variación mensual,2017,9,2017-09-01,0,=
